<edmx:Edmx xmlns:edmx="http://schemas.microsoft.com/ado/2007/06/edmx"
	xmlns:m="http://schemas.microsoft.com/ado/2007/08/dataservices/metadata" xmlns:sap="http://www.sap.com/Protocols/SAPData" Version="1.0">
	<edmx:DataServices m:DataServiceVersion="2.0">
		<Schema xmlns="http://schemas.microsoft.com/ado/2008/09/edm" Namespace="ZT48_10_OVLY_SRV" xml:lang="pt" sap:schema-version="1">
			<EntityType Name="Skill" sap:content-version="1">
				<Key><PropertyRef Name="Id"/></Key><Property Name="Id" Type="Edm.Byte" Nullable="false" sap:unicode="false" sap:label="Skill" sap:creatable="false" sap:updatable="false"
					sap:sortable="false" sap:filterable="false"/><Property Name="Name" Type="Edm.String" Nullable="false" MaxLength="255" sap:unicode="false" sap:label="Skill Name" sap:creatable="false"
					sap:updatable="false" sap:sortable="false" sap:filterable="false"/></EntityType>
			<EntityType Name="Student" sap:content-version="1">
				<Key><PropertyRef Name="Id"/></Key><Property Name="Id" Type="Edm.String" Nullable="false" MaxLength="32" sap:unicode="false" sap:label="Student ID" sap:creatable="false"
					sap:updatable="false" sap:sortable="false" sap:filterable="false"/><Property Name="FirstName" Type="Edm.String" Nullable="false" MaxLength="40" sap:unicode="false" sap:label="1º nome" sap:creatable="false"
					sap:updatable="false" sap:sortable="false" sap:filterable="false"/><Property Name="LastName" Type="Edm.String" Nullable="false" MaxLength="40" sap:unicode="false" sap:label="Sobrenome" sap:creatable="false"
					sap:updatable="false" sap:sortable="false" sap:filterable="false"/><Property Name="BirthDate" Type="Edm.DateTime" Precision="7" sap:unicode="false" sap:label="Dt.nasc." sap:creatable="false"
					sap:updatable="false" sap:sortable="false" sap:filterable="false"/><Property Name="UserName" Type="Edm.String" Nullable="false" MaxLength="12" sap:unicode="false" sap:label="Usuário" sap:creatable="false"
					sap:updatable="false" sap:sortable="false" sap:filterable="false"/><Property Name="CreatedOn" Type="Edm.DateTime" Precision="7" sap:unicode="false" sap:label="Dta.criação" sap:creatable="false"
					sap:updatable="false" sap:sortable="false" sap:filterable="false"/><Property Name="CreatedAt" Type="Edm.Time" Nullable="false" Precision="0" sap:unicode="false" sap:label="Hora de geração"
					sap:creatable="false" sap:updatable="false" sap:sortable="false" sap:filterable="false"/><Property Name="CreatedBy" Type="Edm.String" Nullable="false" MaxLength="12" sap:unicode="false" sap:label="Criado por"
					sap:creatable="false" sap:updatable="false" sap:sortable="false" sap:filterable="false"/><Property Name="CreatedByName" Type="Edm.String" Nullable="false" MaxLength="80" sap:unicode="false" sap:label="Nome completo"
					sap:creatable="false" sap:updatable="false" sap:sortable="false" sap:filterable="false"/><Property Name="ChangedAt" Type="Edm.DateTime" Precision="0" sap:unicode="false" sap:label="Registro hora" sap:creatable="false"
					sap:updatable="false" sap:sortable="false" sap:filterable="false"/><Property Name="ChangedBy" Type="Edm.String" Nullable="false" MaxLength="12" sap:unicode="false" sap:label="Modificado por"
					sap:creatable="false" sap:updatable="false" sap:sortable="false" sap:filterable="false"/><Property Name="ChangedByName" Type="Edm.String" Nullable="false" MaxLength="80" sap:unicode="false" sap:label="Nome completo"
					sap:creatable="false" sap:updatable="false" sap:sortable="false" sap:filterable="false"/><NavigationProperty Name="ToKnownSkills" Relationship="ZT48_10_OVLY_SRV.Student_KnownSkill" FromRole="FromRole_Student_KnownSkill"
					ToRole="ToRole_Student_KnownSkill"/></EntityType>
			<EntityType Name="KnownSkill" sap:content-version="1">
				<Key><PropertyRef Name="StudentId"/><PropertyRef Name="SkillId"/></Key><Property Name="StudentId" Type="Edm.String" Nullable="false" MaxLength="32" sap:unicode="false" sap:label="Student ID"
					sap:creatable="false" sap:updatable="false" sap:sortable="false" sap:filterable="false"/><Property Name="SkillId" Type="Edm.Byte" Nullable="false" sap:unicode="false" sap:label="Skill" sap:creatable="false" sap:updatable="false"
					sap:sortable="false" sap:filterable="false"/><Property Name="SkillName" Type="Edm.String" Nullable="false" MaxLength="255" sap:unicode="false" sap:label="Skill Name"
					sap:creatable="false" sap:updatable="false" sap:sortable="false" sap:filterable="false"/></EntityType>
			<Association Name="Student_KnownSkill" sap:content-version="1"><End Type="ZT48_10_OVLY_SRV.Student" Multiplicity="1" Role="FromRole_Student_KnownSkill"/><End Type="ZT48_10_OVLY_SRV.KnownSkill" Multiplicity="*" Role="ToRole_Student_KnownSkill"/>
				<ReferentialConstraint>
					<Principal Role="FromRole_Student_KnownSkill"><PropertyRef Name="Id"/></Principal>
					<Dependent Role="ToRole_Student_KnownSkill"><PropertyRef Name="StudentId"/></Dependent>
				</ReferentialConstraint>
			</Association>
			<EntityContainer Name="ZT48_10_OVLY_SRV_Entities" m:IsDefaultEntityContainer="true" sap:supported-formats="atom json xlsx"><EntitySet Name="Skills" EntityType="ZT48_10_OVLY_SRV.Skill" sap:creatable="false" sap:updatable="false" sap:deletable="false"
				sap:pageable="false" sap:content-version="1"/><EntitySet Name="Students" EntityType="ZT48_10_OVLY_SRV.Student" sap:creatable="false" sap:updatable="false" sap:deletable="false"
				sap:pageable="false" sap:content-version="1"/><EntitySet Name="KnownSkills" EntityType="ZT48_10_OVLY_SRV.KnownSkill" sap:creatable="false" sap:updatable="false" sap:deletable="false"
				sap:pageable="false" sap:content-version="1"/>
				<AssociationSet Name="Students_KnownSkills" Association="ZT48_10_OVLY_SRV.Student_KnownSkill" sap:creatable="false" sap:updatable="false"
					sap:deletable="false" sap:content-version="1"><End EntitySet="Students" Role="FromRole_Student_KnownSkill"/><End EntitySet="KnownSkills" Role="ToRole_Student_KnownSkill"/></AssociationSet>
			</EntityContainer><atom:link xmlns:atom="http://www.w3.org/2005/Atom" rel="self"
				href="https://dev.gateway.com:80/sap/opu/odata/sap/ZT48_10_OVLY_SRV/$metadata"/><atom:link xmlns:atom="http://www.w3.org/2005/Atom" rel="latest-version"
				href="https://dev.gateway.com:80/sap/opu/odata/sap/ZT48_10_OVLY_SRV/$metadata"/></Schema>
	</edmx:DataServices>
</edmx:Edmx>