[{
	"Id": 0,
	"Name": "Name 1",
	"__metadata": {
		"uri": "Skills(0)",
		"type": "ZT48_10_OVLY_SRV.Skill"
	}
}, {
	"Id": 0,
	"Name": "Name 2",
	"__metadata": {
		"uri": "Skills(0)",
		"type": "ZT48_10_OVLY_SRV.Skill"
	}
}, {
	"Id": 6,
	"Name": "Name 3",
	"__metadata": {
		"uri": "Skills(6)",
		"type": "ZT48_10_OVLY_SRV.Skill"
	}
}, {
	"Id": 2,
	"Name": "Name 4",
	"__metadata": {
		"uri": "Skills(2)",
		"type": "ZT48_10_OVLY_SRV.Skill"
	}
}, {
	"Id": 7,
	"Name": "Name 5",
	"__metadata": {
		"uri": "Skills(7)",
		"type": "ZT48_10_OVLY_SRV.Skill"
	}
}, {
	"Id": 2,
	"Name": "Name 6",
	"__metadata": {
		"uri": "Skills(2)",
		"type": "ZT48_10_OVLY_SRV.Skill"
	}
}, {
	"Id": 5,
	"Name": "Name 7",
	"__metadata": {
		"uri": "Skills(5)",
		"type": "ZT48_10_OVLY_SRV.Skill"
	}
}, {
	"Id": 7,
	"Name": "Name 8",
	"__metadata": {
		"uri": "Skills(7)",
		"type": "ZT48_10_OVLY_SRV.Skill"
	}
}, {
	"Id": 0,
	"Name": "Name 9",
	"__metadata": {
		"uri": "Skills(0)",
		"type": "ZT48_10_OVLY_SRV.Skill"
	}
}, {
	"Id": 8,
	"Name": "Name 10",
	"__metadata": {
		"uri": "Skills(8)",
		"type": "ZT48_10_OVLY_SRV.Skill"
	}
}]