[{
	"Id": "Id 1",
	"FirstName": "FirstName 1",
	"LastName": "LastName 1",
	"BirthDate": "/Date(967810749000)/",
	"UserName": "UserName 1",
	"CreatedOn": "/Date(1114258749000)/",
	"CreatedAt": "PT0H2M39S",
	"CreatedBy": "CreatedBy 1",
	"CreatedByName": "CreatedByName 1",
	"ChangedAt": "/Date(1264159149000)/",
	"ChangedBy": "ChangedBy 1",
	"ChangedByName": "ChangedByName 1",
	"__metadata": {
		"uri": "Students('Id%201')",
		"type": "ZT48_10_OVLY_SRV.Student"
	},
	"ToKnownSkills": {
		"__deferred": {
			"uri": "Students('Id%201')/ToKnownSkills"
		}
	}
}, {
	"Id": "Id 2",
	"FirstName": "FirstName 2",
	"LastName": "LastName 2",
	"BirthDate": "/Date(1509189549000)/",
	"UserName": "UserName 2",
	"CreatedOn": "/Date(1149164349000)/",
	"CreatedAt": "PT6H46M15S",
	"CreatedBy": "CreatedBy 2",
	"CreatedByName": "CreatedByName 2",
	"ChangedAt": "/Date(1224674349000)/",
	"ChangedBy": "ChangedBy 2",
	"ChangedByName": "ChangedByName 2",
	"__metadata": {
		"uri": "Students('Id%202')",
		"type": "ZT48_10_OVLY_SRV.Student"
	},
	"ToKnownSkills": {
		"__deferred": {
			"uri": "Students('Id%202')/ToKnownSkills"
		}
	}
}, {
	"Id": "Id 3",
	"FirstName": "FirstName 3",
	"LastName": "LastName 3",
	"BirthDate": "/Date(1190117949000)/",
	"UserName": "UserName 3",
	"CreatedOn": "/Date(1157717949000)/",
	"CreatedAt": "PT11H45M0S",
	"CreatedBy": "CreatedBy 3",
	"CreatedByName": "CreatedByName 3",
	"ChangedAt": "/Date(1139224749000)/",
	"ChangedBy": "ChangedBy 3",
	"ChangedByName": "ChangedByName 3",
	"__metadata": {
		"uri": "Students('Id%203')",
		"type": "ZT48_10_OVLY_SRV.Student"
	},
	"ToKnownSkills": {
		"__deferred": {
			"uri": "Students('Id%203')/ToKnownSkills"
		}
	}
}, {
	"Id": "Id 4",
	"FirstName": "FirstName 4",
	"LastName": "LastName 4",
	"BirthDate": "/Date(1405340349000)/",
	"UserName": "UserName 4",
	"CreatedOn": "/Date(1301401149000)/",
	"CreatedAt": "PT19H56M47S",
	"CreatedBy": "CreatedBy 4",
	"CreatedByName": "CreatedByName 4",
	"ChangedAt": "/Date(1516101549000)/",
	"ChangedBy": "ChangedBy 4",
	"ChangedByName": "ChangedByName 4",
	"__metadata": {
		"uri": "Students('Id%204')",
		"type": "ZT48_10_OVLY_SRV.Student"
	},
	"ToKnownSkills": {
		"__deferred": {
			"uri": "Students('Id%204')/ToKnownSkills"
		}
	}
}, {
	"Id": "Id 5",
	"FirstName": "FirstName 5",
	"LastName": "LastName 5",
	"BirthDate": "/Date(1274185149000)/",
	"UserName": "UserName 5",
	"CreatedOn": "/Date(990274749000)/",
	"CreatedAt": "PT7H3M28S",
	"CreatedBy": "CreatedBy 5",
	"CreatedByName": "CreatedByName 5",
	"ChangedAt": "/Date(1532348349000)/",
	"ChangedBy": "ChangedBy 5",
	"ChangedByName": "ChangedByName 5",
	"__metadata": {
		"uri": "Students('Id%205')",
		"type": "ZT48_10_OVLY_SRV.Student"
	},
	"ToKnownSkills": {
		"__deferred": {
			"uri": "Students('Id%205')/ToKnownSkills"
		}
	}
}, {
	"Id": "Id 6",
	"FirstName": "FirstName 6",
	"LastName": "LastName 6",
	"BirthDate": "/Date(1210162749000)/",
	"UserName": "UserName 6",
	"CreatedOn": "/Date(1539951549000)/",
	"CreatedAt": "PT9H44M46S",
	"CreatedBy": "CreatedBy 6",
	"CreatedByName": "CreatedByName 6",
	"ChangedAt": "/Date(1555503549000)/",
	"ChangedBy": "ChangedBy 6",
	"ChangedByName": "ChangedByName 6",
	"__metadata": {
		"uri": "Students('Id%206')",
		"type": "ZT48_10_OVLY_SRV.Student"
	},
	"ToKnownSkills": {
		"__deferred": {
			"uri": "Students('Id%206')/ToKnownSkills"
		}
	}
}, {
	"Id": "Id 7",
	"FirstName": "FirstName 7",
	"LastName": "LastName 7",
	"BirthDate": "/Date(1039432749000)/",
	"UserName": "UserName 7",
	"CreatedOn": "/Date(1239365949000)/",
	"CreatedAt": "PT8H36M41S",
	"CreatedBy": "CreatedBy 7",
	"CreatedByName": "CreatedByName 7",
	"ChangedAt": "/Date(1268396349000)/",
	"ChangedBy": "ChangedBy 7",
	"ChangedByName": "ChangedByName 7",
	"__metadata": {
		"uri": "Students('Id%207')",
		"type": "ZT48_10_OVLY_SRV.Student"
	},
	"ToKnownSkills": {
		"__deferred": {
			"uri": "Students('Id%207')/ToKnownSkills"
		}
	}
}, {
	"Id": "Id 8",
	"FirstName": "FirstName 8",
	"LastName": "LastName 8",
	"BirthDate": "/Date(1490617149000)/",
	"UserName": "UserName 8",
	"CreatedOn": "/Date(1133349549000)/",
	"CreatedAt": "PT7H17M39S",
	"CreatedBy": "CreatedBy 8",
	"CreatedByName": "CreatedByName 8",
	"ChangedAt": "/Date(1184329149000)/",
	"ChangedBy": "ChangedBy 8",
	"ChangedByName": "ChangedByName 8",
	"__metadata": {
		"uri": "Students('Id%208')",
		"type": "ZT48_10_OVLY_SRV.Student"
	},
	"ToKnownSkills": {
		"__deferred": {
			"uri": "Students('Id%208')/ToKnownSkills"
		}
	}
}, {
	"Id": "Id 9",
	"FirstName": "FirstName 9",
	"LastName": "LastName 9",
	"BirthDate": "/Date(978347949000)/",
	"UserName": "UserName 9",
	"CreatedOn": "/Date(1011698349000)/",
	"CreatedAt": "PT7H12M5S",
	"CreatedBy": "CreatedBy 9",
	"CreatedByName": "CreatedByName 9",
	"ChangedAt": "/Date(1538396349000)/",
	"ChangedBy": "ChangedBy 9",
	"ChangedByName": "ChangedByName 9",
	"__metadata": {
		"uri": "Students('Id%209')",
		"type": "ZT48_10_OVLY_SRV.Student"
	},
	"ToKnownSkills": {
		"__deferred": {
			"uri": "Students('Id%209')/ToKnownSkills"
		}
	}
}, {
	"Id": "Id 10",
	"FirstName": "FirstName 10",
	"LastName": "LastName 10",
	"BirthDate": "/Date(1070536749000)/",
	"UserName": "UserName 10",
	"CreatedOn": "/Date(1136114349000)/",
	"CreatedAt": "PT16H27M32S",
	"CreatedBy": "CreatedBy 10",
	"CreatedByName": "CreatedByName 10",
	"ChangedAt": "/Date(1090757949000)/",
	"ChangedBy": "ChangedBy 10",
	"ChangedByName": "ChangedByName 10",
	"__metadata": {
		"uri": "Students('Id%2010')",
		"type": "ZT48_10_OVLY_SRV.Student"
	},
	"ToKnownSkills": {
		"__deferred": {
			"uri": "Students('Id%2010')/ToKnownSkills"
		}
	}
}]